INSERT INTO Categorie (id, libelle) VALUES
(1, 'Administration, collectivités locales'),
(2, 'Banque, finance, assurance'),
(3, 'Conseil'),
(4, 'Constructeur'),
(5, 'Distributeur informatique'),
(6, 'Editeur informatique'),
(7, 'Enseignement, formation'),
(8, 'Industrie, BTP'),
(9, 'Opérateur télécom'),
(10, 'Services (Hors informatique) : commerce, transport, tourisme, etc'),
(11, 'Société de service et d\'ingénierie informatique'),
(12, 'Autres'),
(13, 'Santé');
INSERT INTO Dept (numero, nom) VALUES
(1, 'Ain'),
(2, 'Aisne'),
(3, 'Allier'),
(4, 'Alpes de Haute Provence'),
(5, 'Hautes Alpes'),
(6, 'Alpes Maritimes'),
(7, 'Ardèche'),
(8, 'Ardennes'),
(9, 'Ariège'),
(10, 'Aube'),
(11, 'Aude'),
(12, 'Aveyron'),
(13, 'Bouche du Rhône'),
(14, 'Calvados'),
(15, 'Cantal'),
(16, 'Charente'),
(17, 'Charente Maritime'),
(18, 'Cher'),
(19, 'Corrèze'),
(20, 'Corse'),
(21, 'Côte d\'Or'),
(22, 'Côte d\'Armor'),
(23, 'Creuse'),
(24, 'Dordogne'),
(25, 'Doubs'),
(26, 'Drôme'),
(27, 'Eure'),
(28, 'Eure et Loire'),
(29, 'Finistère'),
(30, 'Gard'),
(31, 'Haute Garonne'),
(32, 'Gers'),
(33, 'Gironde'),
(34, 'Herault'),
(35, 'Ille et Vilaine'),
(36, 'Indre'),
(37, 'Indre et Loire'),
(38, 'Isère'),
(39, 'Jura'),
(40, 'Landes'),
(41, 'Loir et Cher'),
(42, 'Loire'),
(43, 'Haute Loire'),
(44, 'Loire Atlantique'),
(45, 'Loiret'),
(46, 'Lot'),
(47, 'Lot et Garonne'),
(48, 'Lozère'),
(49, 'Maine et Loire'),
(50, 'Manche'),
(51, 'Marne'),
(52, 'Haute Marne'),
(53, 'Mayenne'),
(54, 'Meurthe et Moselle'),
(55, 'Meuse'),
(56, 'Morbihan'),
(57, 'Moselle'),
(58, 'Nièvre'),
(59, 'Nord'),
(60, 'Oise'),
(61, 'Orne'),
(62, 'Pas de Calais'),
(63, 'Puy de Dôme'),
(64, 'Pyrénées Atlantiques'),
(65, 'Hautes Pyrénées'),
(66, 'Pyrénées Orientales'),
(67, 'Bas Rhin'),
(68, 'Haut Rhin'),
(69, 'Rhône'),
(70, 'Haute Saône'),
(71, 'Saône et Loire'),
(72, 'Sarthe'),
(73, 'Savoie'),
(74, 'Haute Savoie'),
(75, 'Paris'),
(76, 'Seine Maritime'),
(77, 'Seine et Marne'),
(78, 'Yvelyne'),
(79, 'Deux Sèvres'),
(80, 'Somme'),
(81, 'Tarn'),
(82, 'Tarn et Garonne'),
(83, 'Var'),
(84, 'Vaucluse'),
(85, 'Vendée'),
(86, 'Vienne'),
(87, 'Haute Vienne'),
(88, 'Vosges'),
(89, 'Yonne'),
(90, 'Belfort'),
(91, 'Essonne'),
(92, 'Hauts de Seine'),
(93, 'Seine Saint Denis'),
(94, 'Val de Marne'),
(95, 'Val d\'Oise'),
(97, 'Dom Tom');

INSERT INTO Organisation (numero, nom, idCategorie, adresse, codePostal, ville, numeroDept, tel, fax, email, urlSiteWeb) VALUES
(1, 'Rectorat de Rennes', 1, '96 rue d''Antrain', '35000', 'Rennes', 35, '02 23 21 77 77', NULL, NULL, NULL),
(2, 'IRISA', 7, 'Campus de Beaulieu', '35042', 'Rennes Cedex', 35, '02 99 84 71 00', '02 99 84 71 71',  NULL, 'www.irisa.fr'),
(3, 'SOLLEIL', NULL, '3 rue de la Carrière', '35920', 'Rennes', 35, '02 99 14 40 70', '', 'solleil@solleil.fr', 'www.solleil.fr'),
(4, 'Lycée Victor et Hélène Basch', 7, '15 avenue Charles Tillon', '35000', 'Rennes', 35, '0299544443', NULL, '', 'lidf.homeip.net'),
(5, 'Lycée professionnel Coëtlogon', 7, 'Rue Antoine Joly - BP 18307', '35083', 'Rennes Cedex', 35, '02 99 54 62 62', NULL, NULL, NULL),
(6, 'Informatique Tech Service', 5, 'ZI du Dressère', '56150', 'Baud', 56, '02 97 51 80 20', '02 97 51 87 83', NULL, NULL),
(7, 'JET PRINT''S 35', 5, '8 rue de la Garenne', '35135', 'Chantepie', 35, '06 60 70 25 28', '08 25 14 62 61', NULL, 'www.jetprints35.fr'),
(8, 'SIB - Syndicat Interhospitalier de Bretagne', 12, '4 rue du Professeur Jean Pecker', '35000', 'Rennes', 35, '02 99 54 75 10', '02 99 54 75 09', NULL, 'www.sib.fr'),
(9, 'CFP - Brest', 7, '15 Place Sanquer', '29200', 'Brest', 29, '02 98 44 29 33', '02 99 44 51 10', NULL, 'www.cfp29.org'),
(10, 'AGI Informatique', 5, '332 rue de Nantes', '35200', 'Rennes', 35, '02 99 50 70 39', '02 9932 04 16', NULL, NULL),
(11, 'France Télécom - Orange Business Services', 1, '9, rue du Chêne germain', '35512', 'Cesson-Sévigné', 35, '02 23 28 30 30', NULL, NULL, 'www.orange-business.com'),
(12, 'DRE Bretagne', 1, '10, rue Maurice Fabre CS 96515', '35065', 'Rennes cedex', 35, '02 99 33 45 55', '02 99 33 44 33', 'DRE-Bretagne@developpement-durable.gouv.fr', 'www.bretagne.equipement.gouv.fr'),
(13, 'Ecole des Métiers de l&#039;Environnement', 7, 'Campus de Ker Lann - Boulevard Robert Schumann', '35170', 'Bruz', 35, '02 99 05 88 00', '02 99 05 88 09', NULL,'www.ecole-eme.com'),
(14, 'BSH Constructions et Rénovations', 8, '5, venelle des Anglais', '22450', 'La Roche Derrien', 22, NULL, NULL, NULL, NULL),
(15, 'Poste - DSI', 1, '11, rue Vaneau - BP 13282', '35032', 'Rennes cedex', NULL, NULL, NULL, NULL, NULL),
(16, 'Lenerrant', 8, 'ZI du Placis', '35230', 'Bourgbarré', 35, '02.99.00.45.00', '02.99.00.40.02', NULL, NULL),
(17, 'AT & MIS', 5, '40 rue du Bignon', '35135', 'Chantepie', 35, '02 99 86 30 37', NULL, NULL, NULL),
(18, 'CAF Ille et Vilaine', 1, 'Cours des Alliés', '35028', 'Rennes Cedex 9', 35, '02 99 29 19 54', '02 99 30 54 71', NULL, 'www.caf.fr'),
(19, 'Lycée-Collège Saint-Pierre', 7, '16, rue Saint-Pierre', '22015', 'Saint-Brieuc', 22, '02 96 68 58 00', NULL, NULL, NULL),
(20, 'Clinique de la Porte de l''Orient', 13, '3 rue Robert de la Croix', '56100', 'Lorient', 56, '02 97 64 81 54', '02 97 64 81 10', NULL, NULL),
(21, 'SDI', 2, 'Parc de Beaujardin', '35410', 'Chateaugiron', 35, '0299372450', NULL, NULL, 'www.sdi-info.com'),
(22, 'Wizdeo', 12, '18 rue de la Rigourdière', '35510', 'Cesson-Sévigné', 35, '02 99 83 44 71', NULL, NULL, 'www.wizdeo.com'),
(23, 'Correspondance France-Chine', 12, '3 rue Lécuyer', '75018', 'Paris', 75, '01 55 28 60 35', NULL, NULL, 'infoschinefrance.com'),
(25, 'Ecole de Reconversion Professionnelle Jean Janvier', 7, '11 rue Edouard Vaillant', '35000', 'Rennes', 35, NULL, '02 99 59 14 47', NULL, 'www.erp.rennes.emac.org'),
(26, 'Clinique La Sagesse', 13, '4 place Saint-Guénolé - CS 44345', '35043', 'Rennes', 35, '02 99 85 75 75', '02 99 85 76 00', NULL, NULL),
(27, 'Groupe CPA - Cliniques Privées Associées', 13, '10 Boulevard de la Boutière', '35760', 'Saint-Grégoire', 35, '02 99 23 93 41', NULL, NULL, NULL),
(28, 'Kit-PC', 5, '4 rue Belle-Ile', '35760', 'Saint-Grégoire', 35, '02 23 25 01 95', '02 23 25 01 89', NULL, 'www.kit-pc.fr'),
(29, 'Centre Médecine Physique Réadaptation ND Lourdes', 13, '54 rue Saint-Hélier', '35000', 'Rennes', 35, '02 99 29 50 99', NULL, NULL, NULL),
(30, 'Chambre d''Agriculture', 1, 'Rue Le Lannov - CS 14226', '35042', 'Rennes Cedex', 35, '02 23 48 23 23', '02 23 48 23 25', NULL, 'www.sinagri.com'),
(31, 'ICNS', 5, '48 rue de Lorient', '35000', 'Rennes', 35, '02 99 33 72 52', NULL, NULL, 'www.icns.fr'),
(32, 'Mairie de Bourgbarré', 1, '1 rue des Sports', '35150', 'Bourgbarré', 35, '02 99 57 66 96', '02 99 57 70 60', 'mairie@bourgbarre.fr', 'www.bourgbarre.fr'),
(33, 'Point P Bretagne', 8, '23 Boulevard de la Haie des Cognets', '35136', 'Saint-Jacques de la Lande', 35, '02 99 65 20 20', '02 99 65 20 16', NULL, 'www.groupe.pointp.fr'),
(34, 'Logidis Comptoirs Modernes Carrefour', 11, 'ZAC des Cormiers', '35650', 'Le Rheu', 35, NULL, '02 99 14 76 79', NULL, NULL),
(35, 'Digital DC Système', 11, 'Bâtiment B - Rue Pierre de maupertuis', '35170', 'Bruz', 35, '02 99 57 90 74', NULL, NULL, NULL),
(36, 'Société Quincaillerie Boschat', 8, 'Route de Plancoët - BP 347', '22403', 'Lamballe Cedex', 22, NULL, NULL, NULL, NULL),
(37, 'Stade Rennais', 12, 'La Piverdière CS 53909', '35039', 'Rennes', 35, NULL, NULL, NULL, 'www.staderennais.com');

